,ID,N_VICTIMAS,AAAA,MM,HH,TIPO_DE_CALLE,COMUNA,VICTIMA,ACUSADO,SEMESTRE
0,2016-0001,1,2016,1,4.0,AVENIDA,8,MOTO,AUTO,2016-1
1,2016-0002,1,2016,1,1.0,GRAL PAZ,9,AUTO,PASAJEROS,2016-1
2,2016-0003,1,2016,1,7.0,AVENIDA,1,MOTO,AUTO,2016-1
3,2016-0004,1,2016,1,0.0,AVENIDA,8,MOTO,SD,2016-1
4,2016-0005,1,2016,1,5.0,AVENIDA,1,MOTO,PASAJEROS,2016-1
5,2016-0008,1,2016,1,18.0,AVENIDA,8,MOTO,OBJETO FIJO,2016-1
6,2016-0009,1,2016,1,19.0,CALLE,11,MOTO,AUTO,2016-1
7,2016-0010,1,2016,1,15.0,GRAL PAZ,9,MOTO,AUTO,2016-1
8,2016-0012,1,2016,2,1.0,AVENIDA,1,MOTO,CARGAS,2016-1
9,2016-0013,1,2016,2,11.0,AVENIDA,1,PEATON,AUTO,2016-1
10,2016-0015,1,2016,2,5.0,AVENIDA,15,PEATON,AUTO,2016-1
11,2016-0016,1,2016,2,22.0,AVENIDA,4,MOTO,AUTO,2016-1
12,2016-0017,1,2016,2,16.0,AVENIDA,8,PEATON,MOTO,2016-1
13,2016-0019,1,2016,2,9.0,CALLE,9,PEATON,PASAJEROS,2016-1
14,2016-0020,1,2016,2,16.0,CALLE,1,PEATON,AUTO,2016-1
15,2016-0021,1,2016,2,23.0,AVENIDA,7,AUTO,AUTO,2016-1
16,2016-0022,1,2016,2,6.0,AVENIDA,1,MOTO,AUTO,2016-1
17,2016-0025,1,2016,2,4.0,GRAL PAZ,8,AUTO,AUTO,2016-1
18,2016-0026,1,2016,2,7.0,CALLE,12,AUTO,OBJETO FIJO,2016-1
19,2016-0027,1,2016,2,9.0,AVENIDA,7,AUTO,AUTO,2016-1
20,2016-0028,1,2016,3,10.0,AVENIDA,1,PEATON,CARGAS,2016-1
21,2016-0029,1,2016,3,17.0,AVENIDA,12,PEATON,PASAJEROS,2016-1
22,2016-0031,1,2016,3,12.0,GRAL PAZ,8,MOTO,PASAJEROS,2016-1
23,2016-0034,1,2016,3,12.0,AVENIDA,4,PEATON,PASAJEROS,2016-1
24,2016-0035,1,2016,3,6.0,AVENIDA,3,MOTO,PASAJEROS,2016-1
25,2016-0036,1,2016,3,0.0,CALLE,4,MOTO,PASAJEROS,2016-1
26,2016-0037,1,2016,3,11.0,AVENIDA,7,MOTO,MOTO,2016-1
27,2016-0038,1,2016,3,8.0,GRAL PAZ,8,PEATON,PASAJEROS,2016-1
28,2016-0039,1,2016,3,1.0,AVENIDA,3,MOTO,PASAJEROS,2016-1
29,2016-0041,2,2016,3,11.0,AVENIDA,7,MOTO,CARGAS,2016-1
30,2016-0043,1,2016,3,18.0,AVENIDA,8,PEATON,CARGAS,2016-1
31,2016-0044,1,2016,3,19.0,AVENIDA,7,MOTO,MULTIPLE,2016-1
32,2016-0045,1,2016,4,10.0,GRAL PAZ,13,MOTO,SD,2016-1
33,2016-0047,1,2016,4,5.0,CALLE,1,PEATON,PASAJEROS,2016-1
34,2016-0048,1,2016,4,17.0,AVENIDA,15,PEATON,PASAJEROS,2016-1
35,2016-0049,1,2016,4,0.0,AUTOPISTA,4,SD,SD,2016-1
36,2016-0050,1,2016,4,9.0,AVENIDA,8,PEATON,PASAJEROS,2016-1
37,2016-0051,1,2016,4,4.0,AVENIDA,4,MOTO,CARGAS,2016-1
38,2016-0052,1,2016,4,20.0,AUTOPISTA,13,MOTO,SD,2016-1
39,2016-0053,1,2016,4,9.0,AVENIDA,12,PEATON,PASAJEROS,2016-1
40,2016-0054,1,2016,4,21.0,AUTOPISTA,8,MOTO,MOTO,2016-1
41,2016-0055,1,2016,4,20.0,AVENIDA,14,PEATON,CARGAS,2016-1
42,2016-0056,1,2016,4,4.0,AVENIDA,14,MOTO,OBJETO FIJO,2016-1
43,2016-0058,1,2016,5,14.0,CALLE,1,PEATON,MOTO,2016-1
44,2016-0059,1,2016,5,16.0,CALLE,1,PEATON,PASAJEROS,2016-1
45,2016-0064,1,2016,5,18.0,AVENIDA,10,PEATON,PASAJEROS,2016-1
46,2016-0065,1,2016,5,14.0,AVENIDA,6,PEATON,AUTO,2016-1
47,2016-0067,1,2016,5,17.0,AVENIDA,8,MOTO,PASAJEROS,2016-1
48,2016-0068,1,2016,5,22.0,AVENIDA,2,MOTO,PASAJEROS,2016-1
49,2016-0069,1,2016,5,3.0,AVENIDA,3,AUTO,CARGAS,2016-1
50,2016-0073,1,2016,6,15.0,CALLE,10,MOTO,CARGAS,2016-1
51,2016-0074,1,2016,6,6.0,GRAL PAZ,8,AUTO,AUTO,2016-1
52,2016-0075,1,2016,6,23.0,AUTOPISTA,8,PEATON,AUTO,2016-1
53,2016-0076,1,2016,6,16.0,AVENIDA,15,PEATON,PASAJEROS,2016-1
54,2016-0077,1,2016,6,21.0,AVENIDA,1,PEATON,PASAJEROS,2016-1
55,2016-0078,1,2016,6,23.0,AVENIDA,3,MOTO,MOTO,2016-1
56,2016-0079,1,2016,6,17.0,AVENIDA,13,AUTO,AUTO,2016-1
57,2016-0080,1,2016,6,6.0,GRAL PAZ,9,AUTO,SD,2016-1
58,2016-0081,1,2016,6,7.0,AVENIDA,12,MOTO,AUTO,2016-1
59,2016-0082,1,2016,6,18.0,AVENIDA,4,PEATON,AUTO,2016-1
60,2016-0083,1,2016,6,20.0,AVENIDA,6,PEATON,MOTO,2016-1
61,2016-0084,1,2016,6,22.0,CALLE,1,PEATON,PASAJEROS,2016-1
62,2016-0085,1,2016,6,22.0,AVENIDA,4,MOTO,OTRO,2016-1
63,2016-0086,1,2016,6,16.0,AVENIDA,10,PEATON,PASAJEROS,2016-1
64,2016-0087,1,2016,7,0.0,AUTOPISTA,1,MOTO,OBJETO FIJO,2016-2
65,2016-0088,1,2016,7,15.0,CALLE,12,PEATON,AUTO,2016-2
66,2016-0089,1,2016,7,6.0,AUTOPISTA,13,PEATON,AUTO,2016-2
67,2016-0090,1,2016,7,22.0,AVENIDA,5,PEATON,PASAJEROS,2016-2
68,2016-0092,1,2016,7,11.0,GRAL PAZ,13,MOTO,CARGAS,2016-2
69,2016-0093,1,2016,7,3.0,AVENIDA,6,AUTO,AUTO,2016-2
70,2016-0095,1,2016,7,6.0,AVENIDA,11,MOTO,AUTO,2016-2
71,2016-0096,1,2016,7,7.0,AUTOPISTA,8,MOTO,CARGAS,2016-2
72,2016-0097,1,2016,7,18.0,CALLE,1,PEATON,AUTO,2016-2
73,2016-0098,1,2016,7,16.0,AVENIDA,3,MOTO,CARGAS,2016-2
74,2016-0099,1,2016,7,16.0,GRAL PAZ,11,CARGAS,CARGAS,2016-2
75,2016-0100,1,2016,8,23.0,GRAL PAZ,12,MOTO,OBJETO FIJO,2016-2
76,2016-0101,1,2016,8,19.0,GRAL PAZ,9,SD,SD,2016-2
77,2016-0102,1,2016,8,23.0,AVENIDA,9,MOTO,CARGAS,2016-2
78,2016-0104,1,2016,8,21.0,AVENIDA,9,MOTO,PASAJEROS,2016-2
79,2016-0105,1,2016,8,0.0,AVENIDA,15,PEATON,PASAJEROS,2016-2
80,2016-0106,1,2016,8,21.0,AVENIDA,1,PEATON,PASAJEROS,2016-2
81,2016-0107,1,2016,8,8.0,AUTOPISTA,4,MOTO,AUTO,2016-2
82,2016-0109,1,2016,8,5.0,AUTOPISTA,9,AUTO,OBJETO FIJO,2016-2
83,2016-0110,1,2016,8,20.0,AVENIDA,9,PEATON,SD,2016-2
84,2016-0111,1,2016,8,9.0,AUTOPISTA,15,MOTO,CARGAS,2016-2
85,2016-0112,1,2016,8,4.0,AUTOPISTA,1,MOTO,OBJETO FIJO,2016-2
86,2016-0113,1,2016,8,16.0,AVENIDA,9,PEATON,PASAJEROS,2016-2
87,2016-0114,1,2016,8,11.0,CALLE,14,BICICLETA,CARGAS,2016-2
88,2016-0115,1,2016,9,11.0,CALLE,12,SD,CARGAS,2016-2
89,2016-0116,1,2016,9,20.0,AVENIDA,8,MOTO,AUTO,2016-2
90,2016-0117,1,2016,9,15.0,AVENIDA,14,AUTO,AUTO,2016-2
91,2016-0118,1,2016,9,3.0,AUTOPISTA,1,AUTO,AUTO,2016-2
92,2016-0119,1,2016,9,6.0,AVENIDA,12,SD,SD,2016-2
93,2016-0122,1,2016,9,7.0,AVENIDA,9,BICICLETA,PASAJEROS,2016-2
94,2016-0123,1,2016,9,9.0,AVENIDA,7,MOTO,AUTO,2016-2
95,2016-0124,1,2016,9,15.0,AVENIDA,7,PEATON,PASAJEROS,2016-2
96,2016-0125,1,2016,9,12.0,AUTOPISTA,10,MOTO,MOTO,2016-2
97,2016-0126,2,2016,9,22.0,CALLE,10,AUTO,CARGAS,2016-2
98,2016-0127,1,2016,9,10.0,AVENIDA,8,PEATON,PASAJEROS,2016-2
99,2016-0128,1,2016,10,11.0,AVENIDA,5,PEATON,PASAJEROS,2016-2
100,2016-0130,1,2016,10,12.0,AUTOPISTA,1,MOTO,CARGAS,2016-2
101,2016-0131,1,2016,10,19.0,CALLE,4,PEATON,AUTO,2016-2
102,2016-0132,1,2016,10,2.0,AVENIDA,3,AUTO,PASAJEROS,2016-2
103,2016-0133,1,2016,10,0.0,AVENIDA,14,MOTO,AUTO,2016-2
104,2016-0134,1,2016,10,5.0,AVENIDA,8,MOTO,OBJETO FIJO,2016-2
105,2016-0135,1,2016,10,5.0,AVENIDA,14,PEATON,SD,2016-2
106,2016-0136,1,2016,10,0.0,AUTOPISTA,4,MOTO,CARGAS,2016-2
107,2016-0137,1,2016,10,0.0,AVENIDA,11,MOTO,MOTO,2016-2
108,2016-0138,1,2016,10,20.0,AVENIDA,13,BICICLETA,CARGAS,2016-2
109,2016-0139,1,2016,10,23.0,AVENIDA,14,MOTO,MOTO,2016-2
110,2016-0140,1,2016,10,2.0,AVENIDA,13,PASAJEROS,PASAJEROS,2016-2
111,2016-0142,1,2016,11,23.0,AVENIDA,1,MOTO,PASAJEROS,2016-2
112,2016-0143,1,2016,11,4.0,AVENIDA,8,MOTO,SD,2016-2
113,2016-0144,1,2016,11,12.0,AVENIDA,4,PEATON,PASAJEROS,2016-2
114,2016-0145,1,2016,11,20.0,AVENIDA,13,MOTO,AUTO,2016-2
115,2016-0146,1,2016,11,20.0,AVENIDA,4,PEATON,PASAJEROS,2016-2
116,2016-0147,1,2016,11,21.0,AVENIDA,1,MOVIL,PASAJEROS,2016-2
117,2016-0148,1,2016,11,22.0,AVENIDA,15,MOTO,MOTO,2016-2
118,2016-0150,1,2016,11,18.0,AVENIDA,4,CARGAS,CARGAS,2016-2
119,2016-0151,1,2016,11,20.0,CALLE,0,PEATON,SD,2016-2
120,2016-0152,1,2016,11,21.0,AVENIDA,7,MOTO,AUTO,2016-2
121,2016-0153,1,2016,11,15.0,AVENIDA,15,PEATON,MOTO,2016-2
122,2016-0154,1,2016,11,14.0,GRAL PAZ,8,MOTO,MOTO,2016-2
123,2016-0155,1,2016,11,16.0,CALLE,10,PEATON,AUTO,2016-2
124,2016-0156,1,2016,11,19.0,AVENIDA,3,MOTO,PASAJEROS,2016-2
125,2016-0157,1,2016,12,6.0,AVENIDA,11,MOTO,MOTO,2016-2
126,2016-0159,1,2016,12,7.0,AVENIDA,8,AUTO,SD,2016-2
127,2016-0160,1,2016,12,5.0,AUTOPISTA,9,CARGAS,OBJETO FIJO,2016-2
128,2016-0161,1,2016,12,7.0,AVENIDA,14,PEATON,PASAJEROS,2016-2
129,2016-0162,1,2016,12,5.0,AVENIDA,15,PEATON,AUTO,2016-2
130,2016-0163,1,2016,12,7.0,GRAL PAZ,11,MOTO,AUTO,2016-2
131,2016-0164,1,2016,12,6.0,AVENIDA,4,AUTO,AUTO,2016-2
132,2016-0165,1,2016,12,8.0,AVENIDA,4,BICICLETA,PASAJEROS,2016-2
133,2016-0168,1,2016,12,10.0,AVENIDA,4,MOTO,AUTO,2016-2
134,2016-0169,1,2016,12,15.0,AVENIDA,12,MOTO,PASAJEROS,2016-2
135,2016-0170,1,2016,12,17.0,GRAL PAZ,12,MOTO,AUTO,2016-2
136,2016-0171,1,2016,12,19.0,AUTOPISTA,1,MOTO,MOTO,2016-2
137,2016-0172,1,2016,12,8.0,AVENIDA,5,MOTO,CARGAS,2016-2
138,2016-0173,1,2016,12,19.0,AVENIDA,7,MOTO,CARGAS,2016-2
139,2016-0174,1,2016,12,0.0,AUTOPISTA,0,SD,SD,2016-2
140,2016-0175,1,2016,12,8.0,CALLE,7,PEATON,BICICLETA,2016-2
141,2016-0176,1,2016,12,1.0,AVENIDA,1,MOTO,PASAJEROS,2016-2
142,2016-0177,1,2016,12,4.0,CALLE,14,PEATON,AUTO,2016-2
143,2016-0178,1,2016,12,16.0,CALLE,3,PEATON,MULTIPLE,2016-2
144,2017-0001,1,2017,1,1.0,AVENIDA,11,MOTO,CARGAS,2017-1
145,2017-0003,1,2017,1,3.0,AVENIDA,4,CARGAS,CARGAS,2017-1
146,2017-0007,1,2017,1,17.0,CALLE,1,PEATON,MULTIPLE,2017-1
147,2017-0008,1,2017,1,0.0,CALLE,14,MOTO,PASAJEROS,2017-1
148,2017-0009,1,2017,1,13.0,AUTOPISTA,5,MOTO,CARGAS,2017-1
149,2017-0010,1,2017,1,16.0,AVENIDA,6,MOTO,AUTO,2017-1
150,2017-0011,1,2017,1,2.0,GRAL PAZ,12,MOTO,OBJETO FIJO,2017-1
151,2017-0012,1,2017,1,14.0,CALLE,4,MOTO,CARGAS,2017-1
152,2017-0013,1,2017,1,7.0,AVENIDA,4,PEATON,CARGAS,2017-1
153,2017-0014,1,2017,1,8.0,AVENIDA,12,MOTO,MULTIPLE,2017-1
154,2017-0015,1,2017,2,15.0,AVENIDA,2,PEATON,AUTO,2017-1
155,2017-0016,1,2017,2,5.0,AUTOPISTA,1,MOTO,CARGAS,2017-1
156,2017-0017,1,2017,2,8.0,AVENIDA,14,MOTO,AUTO,2017-1
157,2017-0018,1,2017,2,7.0,GRAL PAZ,9,MOTO,AUTO,2017-1
158,2017-0021,1,2017,2,5.0,CALLE,1,MOTO,PASAJEROS,2017-1
159,2017-0024,1,2017,2,20.0,AVENIDA,7,PEATON,PASAJEROS,2017-1
160,2017-0025,1,2017,2,17.0,AVENIDA,7,MOTO,SD,2017-1
161,2017-0026,2,2017,2,5.0,AVENIDA,4,AUTO,OBJETO FIJO,2017-1
162,2017-0027,1,2017,2,21.0,AVENIDA,1,PEATON,AUTO,2017-1
163,2017-0028,1,2017,2,9.0,AVENIDA,6,PEATON,AUTO,2017-1
164,2017-0029,1,2017,3,2.0,CALLE,9,SD,AUTO,2017-1
165,2017-0030,1,2017,3,8.0,AVENIDA,9,AUTO,PASAJEROS,2017-1
166,2017-0031,1,2017,3,1.0,CALLE,3,AUTO,OBJETO FIJO,2017-1
167,2017-0032,1,2017,3,5.0,GRAL PAZ,8,AUTO,AUTO,2017-1
168,2017-0033,1,2017,3,7.0,GRAL PAZ,11,AUTO,AUTO,2017-1
169,2017-0034,1,2017,3,7.0,CALLE,14,PEATON,AUTO,2017-1
170,2017-0035,3,2017,3,5.0,AVENIDA,1,AUTO,OBJETO FIJO,2017-1
171,2017-0036,2,2017,3,18.0,GRAL PAZ,12,MOTO,PASAJEROS,2017-1
172,2017-0037,1,2017,3,3.0,AVENIDA,1,MOTO,CARGAS,2017-1
173,2017-0038,1,2017,4,19.0,AVENIDA,7,MOTO,AUTO,2017-1
174,2017-0040,1,2017,4,9.0,AVENIDA,13,AUTO,MULTIPLE,2017-1
175,2017-0041,1,2017,4,23.0,CALLE,7,MOTO,AUTO,2017-1
176,2017-0042,1,2017,4,9.0,GRAL PAZ,14,MOTO,CARGAS,2017-1
177,2017-0045,1,2017,4,6.0,CALLE,10,MOTO,OBJETO FIJO,2017-1
178,2017-0047,1,2017,4,6.0,AVENIDA,8,MOTO,AUTO,2017-1
179,2017-0049,1,2017,4,18.0,AVENIDA,8,PEATON,PASAJEROS,2017-1
180,2017-0050,2,2017,4,11.0,AUTOPISTA,9,MOTO,CARGAS,2017-1
181,2017-0051,1,2017,5,3.0,AUTOPISTA,7,AUTO,AUTO,2017-1
182,2017-0052,1,2017,5,3.0,GRAL PAZ,8,PEATON,CARGAS,2017-1
183,2017-0053,1,2017,5,20.0,CALLE,4,MOTO,CARGAS,2017-1
184,2017-0054,1,2017,5,21.0,AVENIDA,15,MOTO,AUTO,2017-1
185,2017-0055,1,2017,5,8.0,AVENIDA,12,AUTO,AUTO,2017-1
186,2017-0058,1,2017,5,23.0,AVENIDA,1,PEATON,MOTO,2017-1
187,2017-0059,1,2017,5,9.0,CALLE,1,PEATON,PASAJEROS,2017-1
188,2017-0060,1,2017,5,7.0,AVENIDA,8,MOTO,OBJETO FIJO,2017-1
189,2017-0061,1,2017,5,13.0,AVENIDA,2,PEATON,MOTO,2017-1
190,2017-0062,1,2017,5,16.0,AVENIDA,10,MOTO,CARGAS,2017-1
191,2017-0063,1,2017,5,10.0,AVENIDA,1,PEATON,PASAJEROS,2017-1
192,2017-0064,1,2017,5,5.0,CALLE,1,CARGAS,AUTO,2017-1
193,2017-0065,1,2017,5,16.0,AVENIDA,4,BICICLETA,CARGAS,2017-1
194,2017-0066,1,2017,5,18.0,AVENIDA,15,PEATON,PASAJEROS,2017-1
195,2017-0067,1,2017,5,2.0,AVENIDA,6,MOTO,CARGAS,2017-1
196,2017-0068,1,2017,5,19.0,AVENIDA,8,MOTO,OBJETO FIJO,2017-1
197,2017-0069,1,2017,5,14.0,GRAL PAZ,9,MOTO,SD,2017-1
198,2017-0070,1,2017,5,13.0,CALLE,11,PEATON,AUTO,2017-1
199,2017-0072,1,2017,6,23.0,AVENIDA,12,AUTO,AUTO,2017-1
200,2017-0073,1,2017,6,9.0,AVENIDA,3,MOTO,AUTO,2017-1
201,2017-0074,1,2017,6,12.0,CALLE,9,SD,SD,2017-1
202,2017-0075,1,2017,6,22.0,AVENIDA,1,PEATON,MOTO,2017-1
203,2017-0076,1,2017,6,14.0,AVENIDA,2,PEATON,CARGAS,2017-1
204,2017-0077,1,2017,6,23.0,CALLE,14,MOTO,CARGAS,2017-1
205,2017-0079,1,2017,6,16.0,CALLE,3,MOTO,CARGAS,2017-1
206,2017-0080,1,2017,6,10.0,AVENIDA,9,PEATON,CARGAS,2017-1
207,2017-0082,1,2017,6,22.0,AVENIDA,4,PEATON,AUTO,2017-1
208,2017-0083,1,2017,7,0.0,AVENIDA,9,MOTO,CARGAS,2017-2
209,2017-0084,1,2017,7,12.0,AVENIDA,2,PEATON,PASAJEROS,2017-2
210,2017-0085,1,2017,7,14.0,AVENIDA,4,PEATON,PASAJEROS,2017-2
211,2017-0086,1,2017,7,7.0,AVENIDA,9,PEATON,MOTO,2017-2
212,2017-0087,1,2017,7,10.0,CALLE,3,PEATON,AUTO,2017-2
213,2017-0088,1,2017,7,22.0,AVENIDA,1,PEATON,PASAJEROS,2017-2
214,2017-0089,1,2017,7,12.0,CALLE,9,SD,AUTO,2017-2
215,2017-0090,1,2017,7,5.0,GRAL PAZ,11,PEATON,AUTO,2017-2
216,2017-0091,1,2017,7,13.0,GRAL PAZ,12,MOTO,SD,2017-2
217,2017-0092,1,2017,7,22.0,AUTOPISTA,1,PEATON,AUTO,2017-2
218,2017-0093,1,2017,7,16.0,AUTOPISTA,13,PEATON,AUTO,2017-2
219,2017-0094,1,2017,7,8.0,CALLE,10,BICICLETA,CARGAS,2017-2
220,2017-0095,1,2017,8,8.0,AVENIDA,14,MOTO,AUTO,2017-2
221,2017-0096,1,2017,8,19.0,AVENIDA,13,PEATON,PASAJEROS,2017-2
222,2017-0098,1,2017,8,12.0,CALLE,7,PEATON,AUTO,2017-2
223,2017-0099,1,2017,8,19.0,AVENIDA,14,BICICLETA,AUTO,2017-2
224,2017-0100,1,2017,8,7.0,CALLE,3,MOTO,OBJETO FIJO,2017-2
225,2017-0101,1,2017,8,10.0,AVENIDA,13,PEATON,MULTIPLE,2017-2
226,2017-0102,1,2017,8,1.0,AVENIDA,4,PEATON,CARGAS,2017-2
227,2017-0104,1,2017,8,9.0,AVENIDA,1,PEATON,CARGAS,2017-2
228,2017-0106,1,2017,8,19.0,CALLE,14,PEATON,PASAJEROS,2017-2
229,2017-0107,1,2017,9,11.0,AVENIDA,13,MOTO,CARGAS,2017-2
230,2017-0108,2,2017,9,4.0,GRAL PAZ,12,OBJETO FIJO,AUTO,2017-2
231,2017-0109,1,2017,9,21.0,AVENIDA,7,MOTO,AUTO,2017-2
232,2017-0110,1,2017,9,14.0,AVENIDA,1,PEATON,PASAJEROS,2017-2
233,2017-0111,1,2017,9,18.0,CALLE,4,PEATON,CARGAS,2017-2
234,2017-0112,2,2017,9,9.0,AUTOPISTA,7,AUTO,OBJETO FIJO,2017-2
235,2017-0113,1,2017,9,6.0,AVENIDA,1,PEATON,PASAJEROS,2017-2
236,2017-0114,1,2017,9,2.0,AVENIDA,2,AUTO,OBJETO FIJO,2017-2
237,2017-0115,1,2017,9,18.0,AVENIDA,5,MOTO,BICICLETA,2017-2
238,2017-0116,1,2017,9,22.0,GRAL PAZ,12,MOTO,OBJETO FIJO,2017-2
239,2017-0118,1,2017,9,7.0,AVENIDA,4,MOTO,AUTO,2017-2
240,2017-0120,1,2017,10,15.0,AUTOPISTA,9,MOTO,CARGAS,2017-2
241,2017-0123,1,2017,10,1.0,AVENIDA,8,PEATON,AUTO,2017-2
242,2017-0124,1,2017,10,14.0,CALLE,15,MOTO,PASAJEROS,2017-2
243,2017-0125,1,2017,10,6.0,AVENIDA,8,MOTO,OBJETO FIJO,2017-2
244,2017-0126,2,2017,10,6.0,AVENIDA,8,AUTO,OBJETO FIJO,2017-2
245,2017-0127,1,2017,10,7.0,AVENIDA,2,MOTO,MOTO,2017-2
246,2017-0128,1,2017,10,12.0,CALLE,6,PEATON,PASAJEROS,2017-2
247,2017-0129,1,2017,10,19.0,AUTOPISTA,9,MOTO,PASAJEROS,2017-2
248,2017-0130,1,2017,10,5.0,AVENIDA,15,AUTO,CARGAS,2017-2
249,2017-0132,1,2017,10,14.0,AVENIDA,8,MOTO,PASAJEROS,2017-2
250,2017-0134,1,2017,11,18.0,AVENIDA,8,PEATON,PASAJEROS,2017-2
251,2017-0135,1,2017,11,12.0,AVENIDA,15,MOTO,CARGAS,2017-2
252,2017-0136,1,2017,11,8.0,AVENIDA,4,PEATON,PASAJEROS,2017-2
253,2017-0137,1,2017,11,11.0,AVENIDA,11,PEATON,CARGAS,2017-2
254,2017-0138,1,2017,11,10.0,AVENIDA,7,MOTO,OBJETO FIJO,2017-2
255,2017-0139,1,2017,11,22.0,AVENIDA,8,AUTO,OBJETO FIJO,2017-2
256,2017-0140,1,2017,11,23.0,AUTOPISTA,4,MOTO,PASAJEROS,2017-2
257,2017-0141,1,2017,11,19.0,AVENIDA,6,PEATON,PASAJEROS,2017-2
258,2017-0143,1,2017,11,21.0,CALLE,11,AUTO,PASAJEROS,2017-2
259,2017-0144,1,2017,11,6.0,GRAL PAZ,8,AUTO,OBJETO FIJO,2017-2
260,2017-0145,1,2017,11,17.0,CALLE,5,MOTO,AUTO,2017-2
261,2017-0147,1,2017,11,11.0,GRAL PAZ,9,MOTO,AUTO,2017-2
262,2017-0148,1,2017,11,10.0,AVENIDA,3,PEATON,PASAJEROS,2017-2
263,2017-0149,1,2017,11,12.0,AVENIDA,1,PEATON,PASAJEROS,2017-2
264,2017-0150,1,2017,12,1.0,AVENIDA,9,PEATON,AUTO,2017-2
265,2017-0151,1,2017,12,2.0,CALLE,4,PEATON,PASAJEROS,2017-2
266,2017-0152,1,2017,12,17.0,CALLE,4,BICICLETA,PASAJEROS,2017-2
267,2017-0153,2,2017,12,2.0,AVENIDA,6,MOTO,PASAJEROS,2017-2
268,2017-0154,1,2017,12,9.0,AVENIDA,4,PEATON,PASAJEROS,2017-2
269,2017-0155,1,2017,12,21.0,AVENIDA,7,SD,MOTO,2017-2
270,2017-0157,1,2017,12,9.0,GRAL PAZ,9,AUTO,PASAJEROS,2017-2
271,2017-0158,1,2017,12,21.0,GRAL PAZ,11,MOTO,AUTO,2017-2
272,2017-0159,1,2017,12,4.0,AVENIDA,1,MOTO,AUTO,2017-2
273,2017-0160,1,2017,12,13.0,AVENIDA,7,PEATON,MOTO,2017-2
274,2017-0161,1,2017,12,15.0,AVENIDA,9,PEATON,AUTO,2017-2
275,2018-0001,1,2018,1,22.0,AVENIDA,3,PEATON,MOTO,2018-1
276,2018-0002,1,2018,1,16.0,CALLE,1,BICICLETA,PASAJEROS,2018-1
277,2018-0003,1,2018,1,10.0,AVENIDA,15,PEATON,MULTIPLE,2018-1
278,2018-0004,1,2018,1,9.0,AVENIDA,13,MOTO,MULTIPLE,2018-1
279,2018-0005,1,2018,1,22.0,AVENIDA,1,PEATON,PASAJEROS,2018-1
280,2018-0006,1,2018,1,21.0,CALLE,6,BICICLETA,PASAJEROS,2018-1
281,2018-0007,1,2018,1,2.0,AUTOPISTA,9,AUTO,AUTO,2018-1
282,2018-0008,1,2018,1,17.0,AVENIDA,1,MOTO,CARGAS,2018-1
283,2018-0009,1,2018,1,2.0,AVENIDA,4,MOTO,MOTO,2018-1
284,2018-0010,1,2018,1,5.0,CALLE,10,MOTO,CARGAS,2018-1
285,2018-0011,1,2018,1,10.0,AVENIDA,2,PEATON,PASAJEROS,2018-1
286,2018-0012,1,2018,1,13.0,CALLE,8,MOTO,PASAJEROS,2018-1
287,2018-0013,1,2018,1,8.0,AVENIDA,12,MOTO,AUTO,2018-1
288,2018-0014,1,2018,1,20.0,AVENIDA,7,PEATON,MOTO,2018-1
289,2018-0015,2,2018,2,1.0,AVENIDA,4,MOTO,PASAJEROS,2018-1
290,2018-0016,1,2018,2,10.0,AVENIDA,1,MOTO,CARGAS,2018-1
291,2018-0017,1,2018,2,4.0,AVENIDA,7,PEATON,AUTO,2018-1
292,2018-0018,1,2018,2,7.0,CALLE,4,MOTO,CARGAS,2018-1
293,2018-0019,1,2018,2,12.0,AVENIDA,2,PEATON,PASAJEROS,2018-1
294,2018-0020,1,2018,2,22.0,AUTOPISTA,8,MOTO,CARGAS,2018-1
295,2018-0021,1,2018,2,10.0,AVENIDA,4,PEATON,PASAJEROS,2018-1
296,2018-0022,1,2018,2,0.0,AVENIDA,4,MOTO,CARGAS,2018-1
297,2018-0023,1,2018,2,6.0,CALLE,6,MOTO,AUTO,2018-1
298,2018-0024,1,2018,2,23.0,AVENIDA,15,PEATON,CARGAS,2018-1
299,2018-0025,1,2018,3,22.0,AVENIDA,7,PEATON,AUTO,2018-1
300,2018-0026,2,2018,3,4.0,AVENIDA,4,MOVIL,CARGAS,2018-1
301,2018-0027,1,2018,3,23.0,CALLE,5,PEATON,MOTO,2018-1
302,2018-0028,1,2018,3,15.0,AVENIDA,9,PEATON,CARGAS,2018-1
303,2018-0029,1,2018,3,18.0,AVENIDA,11,MOTO,AUTO,2018-1
304,2018-0030,1,2018,3,1.0,AVENIDA,15,MOTO,MOTO,2018-1
305,2018-0031,1,2018,3,10.0,AVENIDA,11,MOTO,CARGAS,2018-1
306,2018-0032,1,2018,4,13.0,AVENIDA,13,PEATON,PASAJEROS,2018-1
307,2018-0033,1,2018,4,7.0,AVENIDA,10,MOTO,CARGAS,2018-1
308,2018-0034,1,2018,4,18.0,AVENIDA,2,PEATON,PASAJEROS,2018-1
309,2018-0035,1,2018,4,16.0,AVENIDA,7,PEATON,PASAJEROS,2018-1
310,2018-0036,1,2018,4,23.0,AVENIDA,15,MOTO,AUTO,2018-1
311,2018-0037,1,2018,4,18.0,AVENIDA,2,PEATON,CARGAS,2018-1
312,2018-0038,2,2018,4,17.0,AVENIDA,1,PEATON,AUTO,2018-1
313,2018-0039,1,2018,4,22.0,AUTOPISTA,14,PEATON,AUTO,2018-1
314,2018-0040,1,2018,4,11.0,CALLE,13,PEATON,CARGAS,2018-1
315,2018-0041,1,2018,4,13.0,AVENIDA,4,PEATON,PASAJEROS,2018-1
316,2018-0042,1,2018,4,18.0,CALLE,4,MOTO,CARGAS,2018-1
317,2018-0043,1,2018,4,6.0,AVENIDA,11,MOTO,AUTO,2018-1
318,2018-0044,1,2018,4,9.0,AVENIDA,3,PEATON,AUTO,2018-1
319,2018-0045,1,2018,4,7.0,AVENIDA,13,AUTO,CARGAS,2018-1
320,2018-0046,1,2018,5,3.0,GRAL PAZ,9,PEATON,AUTO,2018-1
321,2018-0047,1,2018,5,19.0,AVENIDA,15,PEATON,PASAJEROS,2018-1
322,2018-0048,1,2018,5,10.0,AVENIDA,7,PEATON,PASAJEROS,2018-1
323,2018-0049,1,2018,5,19.0,CALLE,13,PEATON,AUTO,2018-1
324,2018-0050,1,2018,5,18.0,AVENIDA,13,PEATON,PASAJEROS,2018-1
325,2018-0051,1,2018,5,21.0,CALLE,4,PEATON,AUTO,2018-1
326,2018-0052,1,2018,5,20.0,AVENIDA,15,PEATON,PASAJEROS,2018-1
327,2018-0053,1,2018,5,2.0,CALLE,3,MOTO,AUTO,2018-1
328,2018-0054,1,2018,5,11.0,CALLE,12,PEATON,BICICLETA,2018-1
329,2018-0055,1,2018,5,7.0,AVENIDA,3,MOTO,AUTO,2018-1
330,2018-0056,1,2018,6,13.0,AVENIDA,9,PEATON,PASAJEROS,2018-1
331,2018-0057,1,2018,6,3.0,CALLE,3,MOTO,PASAJEROS,2018-1
332,2018-0058,1,2018,6,6.0,AVENIDA,15,MOTO,AUTO,2018-1
333,2018-0059,1,2018,6,6.0,AVENIDA,5,MOTO,OTRO,2018-1
334,2018-0060,1,2018,6,12.0,AVENIDA,1,PEATON,PASAJEROS,2018-1
335,2018-0061,1,2018,6,11.0,CALLE,3,MOTO,MOTO,2018-1
336,2018-0062,1,2018,6,1.0,CALLE,6,PEATON,CARGAS,2018-1
337,2018-0063,1,2018,6,21.0,AVENIDA,1,PEATON,PASAJEROS,2018-1
338,2018-0064,1,2018,6,1.0,AVENIDA,7,AUTO,CARGAS,2018-1
339,2018-0065,1,2018,6,17.0,CALLE,1,MOTO,CARGAS,2018-1
340,2018-0066,1,2018,6,11.0,AVENIDA,15,PEATON,PASAJEROS,2018-1
341,2018-0067,1,2018,6,16.0,AVENIDA,4,PASAJEROS,AUTO,2018-1
342,2018-0068,1,2018,7,9.0,AVENIDA,7,MOTO,AUTO,2018-2
343,2018-0069,1,2018,7,21.0,AVENIDA,2,BICICLETA,PASAJEROS,2018-2
344,2018-0070,1,2018,7,15.0,CALLE,3,MOTO,PASAJEROS,2018-2
345,2018-0071,1,2018,7,17.0,AVENIDA,1,MOTO,CARGAS,2018-2
346,2018-0072,1,2018,7,13.0,AUTOPISTA,8,MOTO,CARGAS,2018-2
347,2018-0073,1,2018,7,15.0,AVENIDA,4,PEATON,CARGAS,2018-2
348,2018-0074,1,2018,7,6.0,AVENIDA,7,AUTO,CARGAS,2018-2
349,2018-0075,1,2018,7,7.0,AVENIDA,14,PEATON,AUTO,2018-2
350,2018-0076,1,2018,7,9.0,CALLE,9,AUTO,CARGAS,2018-2
351,2018-0077,1,2018,7,23.0,CALLE,3,AUTO,CARGAS,2018-2
352,2018-0078,1,2018,7,6.0,CALLE,2,PEATON,AUTO,2018-2
353,2018-0079,1,2018,7,7.0,GRAL PAZ,9,PEATON,CARGAS,2018-2
354,2018-0080,1,2018,7,22.0,AVENIDA,9,PEATON,AUTO,2018-2
355,2018-0081,1,2018,7,6.0,AVENIDA,7,PEATON,MULTIPLE,2018-2
356,2018-0082,1,2018,8,15.0,AVENIDA,9,MOTO,CARGAS,2018-2
357,2018-0083,1,2018,8,5.0,GRAL PAZ,8,MOTO,CARGAS,2018-2
358,2018-0084,1,2018,8,7.0,AVENIDA,1,PEATON,CARGAS,2018-2
359,2018-0085,2,2018,8,18.0,AVENIDA,3,MOTO,PASAJEROS,2018-2
360,2018-0086,1,2018,8,21.0,AVENIDA,9,PEATON,PASAJEROS,2018-2
361,2018-0087,1,2018,8,19.0,AVENIDA,5,PEATON,PASAJEROS,2018-2
362,2018-0088,1,2018,8,16.0,GRAL PAZ,12,MOTO,CARGAS,2018-2
363,2018-0089,1,2018,8,17.0,AVENIDA,4,PEATON,PASAJEROS,2018-2
364,2018-0090,1,2018,8,10.0,AVENIDA,8,MOTO,AUTO,2018-2
365,2018-0091,1,2018,8,18.0,AUTOPISTA,9,AUTO,AUTO,2018-2
366,2018-0092,1,2018,8,8.0,AVENIDA,14,MOTO,AUTO,2018-2
367,2018-0093,1,2018,8,8.0,CALLE,1,PEATON,PASAJEROS,2018-2
368,2018-0094,1,2018,8,5.0,CALLE,14,MOTO,PASAJEROS,2018-2
369,2018-0095,1,2018,8,0.0,AVENIDA,9,AUTO,AUTO,2018-2
370,2018-0096,1,2018,8,22.0,AUTOPISTA,8,PEATON,AUTO,2018-2
371,2018-0097,1,2018,9,10.0,AVENIDA,8,AUTO,OTRO,2018-2
372,2018-0098,2,2018,9,5.0,GRAL PAZ,8,AUTO,AUTO,2018-2
373,2018-0099,1,2018,9,14.0,AVENIDA,7,PEATON,PASAJEROS,2018-2
374,2018-0100,1,2018,9,10.0,AVENIDA,1,MOTO,AUTO,2018-2
375,2018-0101,1,2018,9,0.0,GRAL PAZ,12,AUTO,MULTIPLE,2018-2
376,2018-0102,1,2018,9,0.0,CALLE,4,MOTO,AUTO,2018-2
377,2018-0103,1,2018,9,17.0,AVENIDA,7,PEATON,MOTO,2018-2
378,2018-0104,1,2018,10,8.0,AUTOPISTA,4,MOTO,MOTO,2018-2
379,2018-0105,1,2018,10,18.0,AVENIDA,7,PEATON,PASAJEROS,2018-2
380,2018-0106,1,2018,10,22.0,AVENIDA,13,MOTO,MOTO,2018-2
381,2018-0107,1,2018,10,14.0,AVENIDA,3,PEATON,PASAJEROS,2018-2
382,2018-0108,1,2018,10,14.0,AVENIDA,1,MOTO,AUTO,2018-2
383,2018-0109,1,2018,10,22.0,AVENIDA,1,PEATON,PASAJEROS,2018-2
384,2018-0110,1,2018,10,3.0,AVENIDA,15,PEATON,MOTO,2018-2
385,2018-0111,1,2018,10,12.0,AUTOPISTA,9,MOTO,CARGAS,2018-2
386,2018-0112,1,2018,10,9.0,CALLE,15,MOTO,CARGAS,2018-2
387,2018-0113,1,2018,10,11.0,CALLE,11,MOTO,CARGAS,2018-2
388,2018-0114,1,2018,10,2.0,AVENIDA,1,MOTO,AUTO,2018-2
389,2018-0115,1,2018,10,12.0,CALLE,9,PEATON,PASAJEROS,2018-2
390,2018-0116,1,2018,11,10.0,GRAL PAZ,8,PEATON,CARGAS,2018-2
391,2018-0117,1,2018,11,8.0,AVENIDA,9,MOTO,MOTO,2018-2
392,2018-0118,1,2018,11,14.0,AVENIDA,3,PEATON,MOTO,2018-2
393,2018-0119,1,2018,11,22.0,AVENIDA,8,PEATON,SD,2018-2
394,2018-0120,1,2018,11,13.0,AVENIDA,12,PEATON,AUTO,2018-2
395,2018-0121,1,2018,11,16.0,AVENIDA,10,PEATON,PASAJEROS,2018-2
396,2018-0122,1,2018,11,1.0,AUTOPISTA,8,AUTO,AUTO,2018-2
397,2018-0123,1,2018,11,3.0,GRAL PAZ,9,AUTO,SD,2018-2
398,2018-0124,1,2018,11,19.0,AUTOPISTA,9,CARGAS,CARGAS,2018-2
399,2018-0125,1,2018,11,21.0,AVENIDA,4,PEATON,PASAJEROS,2018-2
400,2018-0126,1,2018,11,12.0,GRAL PAZ,9,MOTO,AUTO,2018-2
401,2018-0127,1,2018,11,9.0,GRAL PAZ,12,MOTO,MOTO,2018-2
402,2018-0128,2,2018,11,4.0,GRAL PAZ,9,AUTO,PASAJEROS,2018-2
403,2018-0129,1,2018,11,4.0,AVENIDA,15,MOTO,PASAJEROS,2018-2
404,2018-0130,1,2018,12,3.0,AVENIDA,10,MOTO,PASAJEROS,2018-2
405,2018-0131,1,2018,12,19.0,AVENIDA,1,MOTO,CARGAS,2018-2
406,2018-0132,1,2018,12,8.0,AUTOPISTA,2,PEATON,CARGAS,2018-2
407,2018-0133,1,2018,12,14.0,AVENIDA,7,PEATON,CARGAS,2018-2
408,2018-0134,1,2018,12,21.0,AVENIDA,7,PEATON,MOTO,2018-2
409,2018-0135,1,2018,12,14.0,AVENIDA,1,PEATON,PASAJEROS,2018-2
410,2018-0136,1,2018,12,15.0,AVENIDA,7,PEATON,PASAJEROS,2018-2
411,2018-0137,1,2018,12,20.0,CALLE,1,MOTO,PASAJEROS,2018-2
412,2018-0138,1,2018,12,9.0,CALLE,10,PASAJEROS,PASAJEROS,2018-2
413,2018-0139,1,2018,12,6.0,CALLE,7,MOTO,MOTO,2018-2
414,2018-0140,1,2018,12,8.0,CALLE,1,AUTO,AUTO,2018-2
415,2018-0141,1,2018,12,17.0,AVENIDA,5,PEATON,MOTO,2018-2
416,2018-0142,1,2018,12,13.0,GRAL PAZ,12,CARGAS,PASAJEROS,2018-2
417,2018-0143,1,2018,12,5.0,AVENIDA,10,MOTO,AUTO,2018-2
418,2019-0001,1,2019,1,8.0,AVENIDA,2,MOTO,CARGAS,2019-1
419,2019-0002,1,2019,1,4.0,AVENIDA,7,AUTO,CARGAS,2019-1
420,2019-0003,1,2019,1,8.0,AVENIDA,15,MOTO,AUTO,2019-1
421,2019-0004,1,2019,1,19.0,AVENIDA,9,AUTO,PASAJEROS,2019-1
422,2019-0005,1,2019,1,12.0,AVENIDA,10,MOTO,CARGAS,2019-1
423,2019-0006,1,2019,1,5.0,AVENIDA,14,PEATON,AUTO,2019-1
424,2019-0007,1,2019,1,19.0,CALLE,5,MOTO,AUTO,2019-1
425,2019-0008,1,2019,1,22.0,GRAL PAZ,8,MOTO,MULTIPLE,2019-1
426,2019-0009,1,2019,1,14.0,AVENIDA,1,MOTO,AUTO,2019-1
427,2019-0010,2,2019,2,7.0,AVENIDA,14,PEATON,AUTO,2019-1
428,2019-0011,1,2019,2,1.0,GRAL PAZ,9,PEATON,AUTO,2019-1
429,2019-0012,1,2019,2,3.0,AVENIDA,8,MOTO,AUTO,2019-1
430,2019-0013,1,2019,2,7.0,CALLE,7,PEATON,AUTO,2019-1
431,2019-0014,1,2019,2,17.0,CALLE,11,MOTO,OBJETO FIJO,2019-1
432,2019-0015,1,2019,2,6.0,AVENIDA,11,AUTO,OBJETO FIJO,2019-1
433,2019-0016,1,2019,2,2.0,CALLE,4,MOTO,PASAJEROS,2019-1
434,2019-0017,1,2019,3,7.0,CALLE,3,AUTO,PASAJEROS,2019-1
435,2019-0018,1,2019,3,23.0,AUTOPISTA,13,PEATON,AUTO,2019-1
436,2019-0019,1,2019,3,12.0,AVENIDA,13,MOTO,AUTO,2019-1
437,2019-0020,1,2019,3,21.0,AVENIDA,5,MOTO,AUTO,2019-1
438,2019-0021,1,2019,3,22.0,AVENIDA,7,MOTO,AUTO,2019-1
439,2019-0022,1,2019,3,0.0,AVENIDA,1,AUTO,SD,2019-1
440,2019-0023,1,2019,3,8.0,GRAL PAZ,9,AUTO,OBJETO FIJO,2019-1
441,2019-0024,1,2019,3,7.0,AVENIDA,1,MOTO,CARGAS,2019-1
442,2019-0025,1,2019,3,13.0,CALLE,5,PEATON,AUTO,2019-1
443,2019-0026,1,2019,3,7.0,AVENIDA,8,PEATON,PASAJEROS,2019-1
444,2019-0027,1,2019,3,11.0,AVENIDA,2,BICICLETA,MULTIPLE,2019-1
445,2019-0028,1,2019,4,9.0,AVENIDA,11,PEATON,PASAJEROS,2019-1
446,2019-0029,1,2019,4,10.0,AVENIDA,8,MOTO,OBJETO FIJO,2019-1
447,2019-0030,1,2019,4,16.0,CALLE,7,MOTO,CARGAS,2019-1
448,2019-0031,1,2019,4,19.0,AVENIDA,1,BICICLETA,CARGAS,2019-1
449,2019-0032,1,2019,4,11.0,AVENIDA,11,PEATON,AUTO,2019-1
450,2019-0033,1,2019,4,1.0,AUTOPISTA,1,MOTO,SD,2019-1
451,2019-0034,1,2019,4,9.0,AVENIDA,7,MOTO,OBJETO FIJO,2019-1
452,2019-0035,1,2019,4,14.0,CALLE,1,PEATON,BICICLETA,2019-1
453,2019-0036,1,2019,4,22.0,CALLE,6,MOTO,AUTO,2019-1
454,2019-0037,1,2019,5,23.0,AVENIDA,3,MOTO,AUTO,2019-1
455,2019-0038,1,2019,5,14.0,AVENIDA,13,PEATON,MOTO,2019-1
456,2019-0039,1,2019,5,3.0,AVENIDA,7,MOTO,AUTO,2019-1
457,2019-0040,1,2019,5,12.0,CALLE,7,MOTO,SD,2019-1
458,2019-0041,1,2019,5,20.0,AVENIDA,9,AUTO,MULTIPLE,2019-1
459,2019-0042,1,2019,5,15.0,CALLE,1,PEATON,PASAJEROS,2019-1
460,2019-0043,1,2019,5,9.0,AVENIDA,1,BICICLETA,CARGAS,2019-1
461,2019-0044,1,2019,5,12.0,AVENIDA,5,PEATON,MOTO,2019-1
462,2019-0045,1,2019,6,7.0,AVENIDA,14,MOTO,CARGAS,2019-1
463,2019-0046,1,2019,6,9.0,GRAL PAZ,13,MOTO,AUTO,2019-1
464,2019-0047,1,2019,6,10.0,AVENIDA,4,PEATON,CARGAS,2019-1
465,2019-0048,1,2019,6,7.0,AVENIDA,6,MOTO,CARGAS,2019-1
466,2019-0049,1,2019,6,9.0,CALLE,13,PEATON,CARGAS,2019-1
467,2019-0050,1,2019,6,23.0,AVENIDA,14,MOTO,CARGAS,2019-1
468,2019-0051,1,2019,6,10.0,CALLE,4,MOTO,AUTO,2019-1
469,2019-0053,1,2019,6,17.0,AVENIDA,8,AUTO,AUTO,2019-1
470,2019-0054,1,2019,6,3.0,CALLE,15,MOTO,OBJETO FIJO,2019-1
471,2019-0055,1,2019,6,19.0,AVENIDA,1,MOTO,PASAJEROS,2019-1
472,2019-0056,1,2019,6,17.0,AVENIDA,7,PEATON,AUTO,2019-1
473,2019-0057,1,2019,7,19.0,CALLE,13,PEATON,AUTO,2019-2
474,2019-0058,1,2019,7,9.0,AUTOPISTA,10,MOTO,PASAJEROS,2019-2
475,2019-0059,1,2019,7,22.0,CALLE,1,MOTO,PASAJEROS,2019-2
476,2019-0060,1,2019,7,11.0,AVENIDA,10,PEATON,AUTO,2019-2
477,2019-0061,1,2019,7,18.0,CALLE,13,PEATON,PASAJEROS,2019-2
478,2019-0062,1,2019,8,23.0,AVENIDA,13,PEATON,PASAJEROS,2019-2
479,2019-0063,1,2019,8,1.0,AVENIDA,15,MOTO,PASAJEROS,2019-2
480,2019-0064,1,2019,8,3.0,AVENIDA,7,MOTO,AUTO,2019-2
481,2019-0065,1,2019,8,16.0,CALLE,4,PEATON,PASAJEROS,2019-2
482,2019-0066,1,2019,8,21.0,AVENIDA,7,PEATON,AUTO,2019-2
483,2019-0067,1,2019,8,15.0,CALLE,10,MOTO,CARGAS,2019-2
484,2019-0068,1,2019,8,17.0,AVENIDA,8,MOTO,MOTO,2019-2
485,2019-0069,1,2019,8,5.0,AVENIDA,4,MOTO,AUTO,2019-2
486,2019-0070,1,2019,8,12.0,AVENIDA,14,MOTO,BICICLETA,2019-2
487,2019-0071,1,2019,8,11.0,AVENIDA,9,PEATON,CARGAS,2019-2
488,2019-0072,1,2019,8,6.0,AVENIDA,10,AUTO,AUTO,2019-2
489,2019-0073,1,2019,8,1.0,AVENIDA,15,AUTO,OBJETO FIJO,2019-2
490,2019-0074,1,2019,8,9.0,AUTOPISTA,13,MOTO,CARGAS,2019-2
491,2019-0075,1,2019,8,23.0,CALLE,4,MOTO,PASAJEROS,2019-2
492,2019-0076,1,2019,9,18.0,AUTOPISTA,4,MOTO,CARGAS,2019-2
493,2019-0077,1,2019,9,3.0,AVENIDA,14,PEATON,AUTO,2019-2
494,2019-0078,1,2019,9,8.0,AVENIDA,4,PEATON,CARGAS,2019-2
495,2019-0079,1,2019,9,5.0,CALLE,5,MOTO,PASAJEROS,2019-2
496,2019-0080,1,2019,9,18.0,GRAL PAZ,13,PEATON,MOTO,2019-2
497,2019-0081,1,2019,9,16.0,AVENIDA,15,PEATON,PASAJEROS,2019-2
498,2019-0082,1,2019,9,7.0,AVENIDA,8,BICICLETA,CARGAS,2019-2
499,2019-0083,1,2019,9,8.0,CALLE,9,AUTO,AUTO,2019-2
500,2019-0084,1,2019,9,11.0,CALLE,7,BICICLETA,CARGAS,2019-2
501,2019-0085,1,2019,10,22.0,CALLE,10,BICICLETA,TREN,2019-2
502,2019-0086,1,2019,10,14.0,AVENIDA,15,MOTO,PASAJEROS,2019-2
503,2019-0087,1,2019,10,21.0,AVENIDA,12,MOTO,MOTO,2019-2
504,2019-0088,1,2019,10,20.0,AVENIDA,4,PEATON,PASAJEROS,2019-2
505,2019-0089,1,2019,10,15.0,AVENIDA,4,PEATON,CARGAS,2019-2
506,2019-0090,1,2019,10,18.0,AVENIDA,9,PEATON,MOTO,2019-2
507,2019-0091,1,2019,11,20.0,AVENIDA,15,PEATON,PASAJEROS,2019-2
508,2019-0092,1,2019,11,10.0,CALLE,4,PEATON,PASAJEROS,2019-2
509,2019-0093,1,2019,11,11.0,AVENIDA,11,BICICLETA,OTRO,2019-2
510,2019-0094,1,2019,11,14.0,CALLE,15,MOTO,OTRO,2019-2
511,2019-0095,1,2019,11,15.0,AUTOPISTA,1,MOTO,CARGAS,2019-2
512,2019-0096,1,2019,11,19.0,AVENIDA,1,PEATON,PASAJEROS,2019-2
513,2019-0097,1,2019,11,8.0,AUTOPISTA,9,MOTO,MULTIPLE,2019-2
514,2019-0098,1,2019,11,14.0,AVENIDA,15,PASAJEROS,PASAJEROS,2019-2
515,2019-0100,1,2019,12,17.0,AVENIDA,12,MOTO,AUTO,2019-2
516,2019-0101,1,2019,12,4.0,AVENIDA,4,MOTO,MOTO,2019-2
517,2019-0102,1,2019,12,14.0,CALLE,9,MOTO,AUTO,2019-2
518,2019-0103,1,2019,12,,GRAL PAZ,11,MOTO,MOTO,2019-2
519,2019-0104,1,2019,12,4.0,AVENIDA,10,MOTO,AUTO,2019-2
520,2019-0105,1,2019,5,11.0,AVENIDA,10,PEATON,AUTO,2019-1
521,2020-0001,1,2020,1,10.0,CALLE,15,PEATON,AUTO,2020-1
522,2020-0002,1,2020,1,20.0,AVENIDA,7,MOTO,OBJETO FIJO,2020-1
523,2020-0003,1,2020,1,6.0,AVENIDA,3,PEATON,AUTO,2020-1
524,2020-0004,1,2020,1,21.0,AVENIDA,1,PEATON,PASAJEROS,2020-1
525,2020-0005,1,2020,1,6.0,AVENIDA,3,MOTO,PASAJEROS,2020-1
526,2020-0006,1,2020,1,12.0,AVENIDA,8,MOTO,CARGAS,2020-1
527,2020-0007,1,2020,1,0.0,CALLE,1,PEATON,MOTO,2020-1
528,2020-0008,1,2020,1,7.0,AVENIDA,2,MOTO,CARGAS,2020-1
529,2020-0009,1,2020,2,14.0,CALLE,5,PEATON,AUTO,2020-1
530,2020-0010,1,2020,2,5.0,AVENIDA,1,MOTO,OBJETO FIJO,2020-1
531,2020-0011,1,2020,2,11.0,CALLE,5,MOTO,CARGAS,2020-1
532,2020-0012,1,2020,2,21.0,CALLE,3,PEATON,MOTO,2020-1
533,2020-0013,1,2020,2,12.0,AVENIDA,15,PEATON,MOTO,2020-1
534,2020-0014,1,2020,2,2.0,CALLE,11,MOTO,PASAJEROS,2020-1
535,2020-0015,1,2020,2,14.0,AVENIDA,1,MOTO,PASAJEROS,2020-1
536,2020-0016,1,2020,2,13.0,AVENIDA,1,PEATON,PASAJEROS,2020-1
537,2020-0017,1,2020,3,23.0,AVENIDA,3,PEATON,AUTO,2020-1
538,2020-0018,1,2020,3,14.0,AVENIDA,13,MOTO,OBJETO FIJO,2020-1
539,2020-0019,1,2020,3,21.0,CALLE,5,PEATON,AUTO,2020-1
540,2020-0020,1,2020,3,17.0,AVENIDA,3,PEATON,MOTO,2020-1
541,2020-0021,1,2020,3,16.0,CALLE,2,PEATON,AUTO,2020-1
542,2020-0022,1,2020,4,6.0,AUTOPISTA,9,AUTO,CARGAS,2020-1
543,2020-0023,1,2020,4,18.0,AVENIDA,4,AUTO,CARGAS,2020-1
544,2020-0024,1,2020,4,7.0,CALLE,9,AUTO,AUTO,2020-1
545,2020-0025,1,2020,5,5.0,AVENIDA,3,PEATON,AUTO,2020-1
546,2020-0026,1,2020,5,6.0,AUTOPISTA,14,MOTO,OBJETO FIJO,2020-1
547,2020-0027,1,2020,5,8.0,AVENIDA,8,PEATON,CARGAS,2020-1
548,2020-0028,1,2020,5,10.0,AVENIDA,15,PEATON,PASAJEROS,2020-1
549,2020-0029,1,2020,6,14.0,GRAL PAZ,9,PEATON,PASAJEROS,2020-1
550,2020-0030,1,2020,6,15.0,AVENIDA,6,MOTO,MULTIPLE,2020-1
551,2020-0031,1,2020,6,8.0,AVENIDA,9,MOTO,CARGAS,2020-1
552,2020-0032,1,2020,7,23.0,AVENIDA,15,MOTO,AUTO,2020-2
553,2020-0033,1,2020,7,6.0,GRAL PAZ,13,AUTO,OBJETO FIJO,2020-2
554,2020-0034,1,2020,8,3.0,CALLE,3,PEATON,AUTO,2020-2
555,2020-0035,1,2020,8,5.0,AUTOPISTA,7,MOTO,PASAJEROS,2020-2
556,2020-0036,1,2020,8,18.0,AVENIDA,14,PEATON,MOTO,2020-2
557,2020-0037,1,2020,8,4.0,AVENIDA,8,PEATON,AUTO,2020-2
558,2020-0038,2,2020,8,4.0,AVENIDA,14,AUTO,AUTO,2020-2
559,2020-0039,1,2020,9,19.0,CALLE,9,PEATON,CARGAS,2020-2
560,2020-0040,1,2020,9,3.0,AVENIDA,2,AUTO,OBJETO FIJO,2020-2
561,2020-0041,1,2020,9,1.0,AVENIDA,7,MOTO,PASAJEROS,2020-2
562,2020-0042,1,2020,9,17.0,AVENIDA,8,PEATON,PASAJEROS,2020-2
563,2020-0043,1,2020,9,17.0,AVENIDA,1,PEATON,PASAJEROS,2020-2
564,2020-0044,1,2020,10,0.0,AVENIDA,6,AUTO,AUTO,2020-2
565,2020-0045,1,2020,10,3.0,GRAL PAZ,8,AUTO,CARGAS,2020-2
566,2020-0046,1,2020,10,21.0,AVENIDA,11,MOTO,MOTO,2020-2
567,2020-0047,1,2020,10,14.0,AUTOPISTA,9,PEATON,CARGAS,2020-2
568,2020-0048,1,2020,10,20.0,AVENIDA,15,MOTO,OBJETO FIJO,2020-2
569,2020-0049,1,2020,10,20.0,AVENIDA,1,PEATON,AUTO,2020-2
570,2020-0050,1,2020,11,22.0,AVENIDA,14,PEATON,MOTO,2020-2
571,2020-0051,1,2020,11,0.0,AVENIDA,10,MOTO,AUTO,2020-2
572,2020-0052,1,2020,11,6.0,AVENIDA,3,BICICLETA,CARGAS,2020-2
573,2020-0053,1,2020,11,3.0,AVENIDA,4,AUTO,AUTO,2020-2
574,2020-0054,1,2020,11,9.0,CALLE,4,BICICLETA,AUTO,2020-2
575,2020-0055,1,2020,11,12.0,AVENIDA,12,PEATON,CARGAS,2020-2
576,2020-0056,1,2020,11,13.0,GRAL PAZ,8,MOTO,CARGAS,2020-2
577,2020-0057,1,2020,11,7.0,AVENIDA,11,PEATON,AUTO,2020-2
578,2020-0058,1,2020,11,16.0,AVENIDA,10,PEATON,AUTO,2020-2
579,2020-0059,1,2020,12,6.0,CALLE,1,PEATON,PASAJEROS,2020-2
580,2020-0060,1,2020,12,20.0,AVENIDA,9,PEATON,MOTO,2020-2
581,2020-0061,1,2020,12,14.0,AUTOPISTA,13,MOTO,CARGAS,2020-2
582,2020-0062,1,2020,12,17.0,CALLE,3,BICICLETA,PASAJEROS,2020-2
583,2020-0063,2,2020,12,7.0,CALLE,11,PEATON_MOTO,MOTO,2020-2
584,2020-0065,1,2020,12,16.0,GRAL PAZ,12,MOTO,AUTO,2020-2
585,2020-0066,1,2020,12,4.0,AUTOPISTA,10,MOTO,OBJETO FIJO,2020-2
586,2020-0067,1,2020,12,22.0,AVENIDA,4,PEATON,PASAJEROS,2020-2
587,2020-0068,1,2020,12,20.0,AVENIDA,2,MOTO,AUTO,2020-2
588,2020-0069,1,2020,12,5.0,AVENIDA,1,MOTO,PASAJEROS,2020-2
589,2020-0070,1,2020,12,15.0,AVENIDA,2,PEATON,PASAJEROS,2020-2
590,2020-0071,1,2020,12,23.0,AVENIDA,7,PEATON,AUTO,2020-2
591,2020-0072,1,2020,12,3.0,AVENIDA,3,BICICLETA,AUTO,2020-2
592,2020-0073,1,2020,12,7.0,AVENIDA,8,MOTO,OBJETO FIJO,2020-2
593,2020-0074,1,2020,12,21.0,AVENIDA,7,AUTO,AUTO,2020-2
594,2020-0075,1,2020,12,14.0,AVENIDA,1,PEATON,PASAJEROS,2020-2
595,2020-0076,1,2020,12,12.0,AVENIDA,10,AUTO,PASAJEROS,2020-2
596,2020-0077,2,2020,12,6.0,AVENIDA,15,MOTO,AUTO,2020-2
597,2020-0078,1,2020,12,5.0,CALLE,7,BICICLETA,PASAJEROS,2020-2
598,2020-0079,1,2020,12,4.0,GRAL PAZ,12,MOTO,OBJETO FIJO,2020-2
599,2021-0001,1,2021,1,18.0,AUTOPISTA,1,MOTO,AUTO,2021-1
600,2021-0002,1,2021,1,10.0,AVENIDA,9,MOTO,CARGAS,2021-1
601,2021-0003,1,2021,1,7.0,AUTOPISTA,7,MOTO,OBJETO FIJO,2021-1
602,2021-0004,1,2021,1,9.0,AVENIDA,5,PEATON,CARGAS,2021-1
603,2021-0005,1,2021,1,21.0,AVENIDA,9,PEATON,AUTO,2021-1
604,2021-0006,1,2021,1,21.0,AUTOPISTA,14,MOTO,CARGAS,2021-1
605,2021-0007,1,2021,1,10.0,AVENIDA,15,MOTO,MOTO,2021-1
606,2021-0008,1,2021,1,23.0,AVENIDA,4,PEATON,PASAJEROS,2021-1
607,2021-0009,1,2021,1,5.0,AVENIDA,6,MOTO,OBJETO FIJO,2021-1
608,2021-0010,1,2021,1,8.0,GRAL PAZ,12,MOTO,AUTO,2021-1
609,2021-0011,1,2021,1,1.0,AVENIDA,2,PEATON,AUTO,2021-1
610,2021-0012,1,2021,1,20.0,AUTOPISTA,8,PEATON,AUTO,2021-1
611,2021-0013,1,2021,1,6.0,AVENIDA,10,MOTO,OBJETO FIJO,2021-1
612,2021-0014,1,2021,2,0.0,AVENIDA,15,PEATON,AUTO,2021-1
613,2021-0015,1,2021,2,3.0,AVENIDA,15,MOTO,OBJETO FIJO,2021-1
614,2021-0016,1,2021,2,5.0,AVENIDA,8,AUTO,OBJETO FIJO,2021-1
615,2021-0017,1,2021,2,4.0,AVENIDA,1,MOTO,PASAJEROS,2021-1
616,2021-0018,1,2021,2,19.0,CALLE,3,PEATON,AUTO,2021-1
617,2021-0019,1,2021,2,1.0,AVENIDA,12,MOTO,OBJETO FIJO,2021-1
618,2021-0020,1,2021,2,15.0,CALLE,5,PEATON,CARGAS,2021-1
619,2021-0021,1,2021,2,5.0,CALLE,3,MOTO,OBJETO FIJO,2021-1
620,2021-0022,1,2021,2,12.0,AVENIDA,13,PASAJEROS,SD,2021-1
621,2021-0023,1,2021,3,9.0,AUTOPISTA,4,MOTO,CARGAS,2021-1
622,2021-0024,1,2021,3,16.0,AVENIDA,9,BICICLETA,CARGAS,2021-1
623,2021-0025,1,2021,3,3.0,GRAL PAZ,8,MOTO,OTRO,2021-1
624,2021-0026,1,2021,3,2.0,AUTOPISTA,4,MOTO,OBJETO FIJO,2021-1
625,2021-0027,1,2021,3,15.0,GRAL PAZ,12,MOTO,CARGAS,2021-1
626,2021-0028,1,2021,3,17.0,AVENIDA,7,PEATON,PASAJEROS,2021-1
627,2021-0029,1,2021,3,18.0,AVENIDA,7,AUTO,AUTO,2021-1
628,2021-0030,1,2021,4,18.0,CALLE,4,PEATON,PASAJEROS,2021-1
629,2021-0031,1,2021,4,10.0,AVENIDA,1,PEATON,CARGAS,2021-1
630,2021-0032,1,2021,4,19.0,AUTOPISTA,13,PEATON,MOTO,2021-1
631,2021-0033,1,2021,4,17.0,AUTOPISTA,5,AUTO,OBJETO FIJO,2021-1
632,2021-0034,1,2021,4,14.0,AVENIDA,4,MOTO,CARGAS,2021-1
633,2021-0035,1,2021,5,9.0,AVENIDA,8,MOTO,CARGAS,2021-1
634,2021-0036,1,2021,5,6.0,GRAL PAZ,11,MOTO,OBJETO FIJO,2021-1
635,2021-0037,1,2021,5,7.0,AVENIDA,13,PEATON,PASAJEROS,2021-1
636,2021-0038,1,2021,5,11.0,AVENIDA,14,MOTO,CARGAS,2021-1
637,2021-0039,1,2021,5,12.0,AVENIDA,9,BICICLETA,AUTO,2021-1
638,2021-0040,1,2021,5,5.0,GRAL PAZ,13,MOTO,AUTO,2021-1
639,2021-0041,1,2021,5,8.0,AVENIDA,14,PEATON,PASAJEROS,2021-1
640,2021-0042,1,2021,5,5.0,AVENIDA,9,PEATON,PASAJEROS,2021-1
641,2021-0043,1,2021,5,18.0,AVENIDA,9,PEATON,AUTO,2021-1
642,2021-0044,1,2021,5,2.0,AVENIDA,9,MOTO,OBJETO FIJO,2021-1
643,2021-0045,1,2021,5,17.0,AUTOPISTA,4,MOTO,MULTIPLE,2021-1
644,2021-0046,1,2021,5,2.0,AVENIDA,15,AUTO,OBJETO FIJO,2021-1
645,2021-0047,1,2021,6,16.0,AVENIDA,4,MOTO,AUTO,2021-1
646,2021-0048,1,2021,6,9.0,AVENIDA,12,BICICLETA,AUTO,2021-1
647,2021-0049,1,2021,6,20.0,AVENIDA,8,AUTO,AUTO,2021-1
648,2021-0050,1,2021,6,13.0,AVENIDA,13,MOTO,PASAJEROS,2021-1
649,2021-0051,1,2021,6,19.0,AVENIDA,4,PEATON,CARGAS,2021-1
650,2021-0052,1,2021,6,5.0,GRAL PAZ,8,MOTO,OBJETO FIJO,2021-1
651,2021-0053,1,2021,6,12.0,AVENIDA,15,PEATON,BICICLETA,2021-1
652,2021-0054,1,2021,6,14.0,CALLE,4,MOTO,CARGAS,2021-1
653,2021-0055,1,2021,6,12.0,AVENIDA,3,MOTO,CARGAS,2021-1
654,2021-0056,1,2021,7,23.0,AVENIDA,4,BICICLETA,AUTO,2021-2
655,2021-0057,1,2021,7,23.0,AUTOPISTA,2,AUTO,OBJETO FIJO,2021-2
656,2021-0058,1,2021,7,0.0,GRAL PAZ,12,PEATON,AUTO,2021-2
657,2021-0059,1,2021,7,1.0,AVENIDA,3,AUTO,OBJETO FIJO,2021-2
658,2021-0060,1,2021,7,12.0,AVENIDA,5,PEATON,PASAJEROS,2021-2
659,2021-0061,1,2021,7,9.0,AVENIDA,4,PEATON,CARGAS,2021-2
660,2021-0062,1,2021,7,7.0,AVENIDA,4,AUTO,CARGAS,2021-2
661,2021-0063,1,2021,8,4.0,AVENIDA,7,AUTO,AUTO,2021-2
662,2021-0064,1,2021,8,20.0,GRAL PAZ,9,PEATON,CARGAS,2021-2
663,2021-0065,1,2021,8,8.0,AVENIDA,6,PEATON,PASAJEROS,2021-2
664,2021-0066,1,2021,8,20.0,AVENIDA,11,PEATON,PASAJEROS,2021-2
665,2021-0067,1,2021,8,9.0,AUTOPISTA,1,MOTO,OBJETO FIJO,2021-2
666,2021-0068,1,2021,8,6.0,AVENIDA,11,MOTO,OBJETO FIJO,2021-2
667,2021-0069,1,2021,8,17.0,AVENIDA,14,PEATON,AUTO,2021-2
668,2021-0070,1,2021,8,8.0,AVENIDA,8,MOTO,CARGAS,2021-2
669,2021-0071,1,2021,8,16.0,CALLE,3,PEATON,MOTO,2021-2
670,2021-0072,1,2021,9,19.0,AVENIDA,2,PEATON,AUTO,2021-2
671,2021-0073,1,2021,9,12.0,AVENIDA,2,BICICLETA,AUTO,2021-2
672,2021-0074,1,2021,9,15.0,GRAL PAZ,12,MOTO,MULTIPLE,2021-2
673,2021-0075,1,2021,9,14.0,CALLE,1,PEATON,CARGAS,2021-2
674,2021-0076,1,2021,10,6.0,AVENIDA,7,MOTO,OBJETO FIJO,2021-2
675,2021-0077,1,2021,10,7.0,AVENIDA,6,MOTO,CARGAS,2021-2
676,2021-0078,1,2021,10,6.0,AVENIDA,6,MOTO,PASAJEROS,2021-2
677,2021-0079,1,2021,10,3.0,CALLE,3,PEATON,AUTO,2021-2
678,2021-0080,1,2021,10,16.0,AVENIDA,1,MOTO,AUTO,2021-2
679,2021-0081,1,2021,11,13.0,AUTOPISTA,4,MOTO,CARGAS,2021-2
680,2021-0082,1,2021,11,4.0,AUTOPISTA,3,MOTO,AUTO,2021-2
681,2021-0083,1,2021,11,0.0,AVENIDA,13,MOTO,AUTO,2021-2
682,2021-0084,1,2021,11,3.0,AVENIDA,9,AUTO,OBJETO FIJO,2021-2
683,2021-0085,1,2021,11,18.0,GRAL PAZ,12,MOTO,OBJETO FIJO,2021-2
684,2021-0086,1,2021,11,10.0,AVENIDA,6,PEATON,PASAJEROS,2021-2
685,2021-0087,1,2021,11,11.0,CALLE,1,PEATON,BICICLETA,2021-2
686,2021-0088,1,2021,12,15.0,CALLE,13,MOTO,AUTO,2021-2
687,2021-0089,1,2021,12,1.0,AVENIDA,11,MOTO,AUTO,2021-2
688,2021-0090,1,2021,12,11.0,AVENIDA,1,PEATON,PASAJEROS,2021-2
689,2021-0091,1,2021,12,23.0,CALLE,10,MOTO,AUTO,2021-2
690,2021-0092,1,2021,12,6.0,AVENIDA,3,PEATON,AUTO,2021-2
691,2021-0093,1,2021,12,17.0,AVENIDA,7,MOTO,AUTO,2021-2
692,2021-0094,1,2021,12,1.0,AUTOPISTA,9,MOTO,AUTO,2021-2
693,2021-0095,1,2021,12,0.0,AVENIDA,11,MOTO,CARGAS,2021-2
694,2021-0096,1,2021,12,10.0,AVENIDA,9,AUTO,CARGAS,2021-2
695,2021-0097,1,2021,11,6.0,CALLE,1,BICICLETA,AUTO,2021-2
